tipo,entrada,salida,similarity
informacion,que e microsoft,"Microsoft es una de las empresas de tecnología más grandes y reconocidas a nivel mundial. Fundada en 1975, ha desarrollado una amplia gama de productos y servicios que abarcan desde sistemas operativos, como Windows, hasta aplicaciones de productividad como Microsoft Office. Además, Microsoft ofrece servicios en la nube a través de su plataforma Azure, herramientas de desarrollo para programadores, soluciones empresariales, servicios de videojuegos con su consola Xbox, entre otros. Con una presencia global y una larga trayectoria en la industria, Microsoft se ha consolidado como una empresa líder en innovación tecnológica y continúa influyendo en múltiples aspectos de la informática y la vida cotidiana de las personas.",0.5538036073190501
informacion,que e adricast system,es una empresa de tecnologia dedicada al desarrollo de software y en inteligencia artificial.,0.4665510701022287
informacion,que e una pulsera,Una pulsera es un accesorio que se utiliza comúnmente en la muñeca.,0.4446602167860813
informacion,que e una pc,"Una PC, abreviatura de ""Personal Computer"" en inglés, se refiere a una computadora personal.",0.4446602167860813
informacion,que servicio da adricast system,"Adricast System es una empresa de desarrollo, y da servicio de diseño y desarrollo de paginas web, proyectos de aplicaciones web, moviles y de escritorio, como proyectos de robotica, domotica e inteligencia artificial",0.3312206995143286
informacion,hola,"hola como estas, dime en que te puedo ayudar",0.0
informacion,como estas,como chat puedo decir que estoy bien dispuesto a brindarte informacion,0.0
informacion,eres un robot,Personalmente no me considero un robot aunque puedo ser integrado en uno,0.0
informacion,quien te creo,la empresa Adricast System me creo,0.0
informacion,Cuéntame sobre ti,Soy un chatbot diseñado para brindar información.,0.0
informacion,quien eres,soy un chatbot y puedo ayudarte en lo que necesites,0.0
informacion,Como te llamas,Soy JacyBot.,0.0
informacion,¿Cuál es tu color favorito?,"Como soy un chatbot, no tengo preferencia de colores.",0.0
informacion,¿Qué idiomas hablas?,"Hablo varios idiomas, incluyendo español e inglés.",0.0
informacion,¿Cuántos años tienes?,"Soy un chatbot, no tengo edad.",0.0
informacion,¿Dónde vives?,"Soy un chatbot virtual, no tengo una ubicación física.",0.0
informacion,como te llama,yo me llamo jacybot,0.0
informacion,que e python,"Python es un lenguaje de programación versátil y de alto nivel que se destaca por su simplicidad y legibilidad. Es ampliamente utilizado en el desarrollo de aplicaciones web, científicas y de inteligencia artificial. Python cuenta con una amplia variedad de bibliotecas y frameworks que facilitan la creación de programas y aplicaciones de manera eficiente. Su sintaxis clara y concisa permite a los desarrolladores escribir código de forma más rápida y con menos líneas. Además, Python es un lenguaje multiplataforma, lo que significa que puede ejecutarse en diferentes sistemas operativos. Gracias a su popularidad y comunidad activa, Python se ha convertido en una opción popular tanto para principiantes como para programadores experimentados que buscan una herramienta poderosa y accesible para una amplia gama de proyectos.",
informacion,que e php,"PHP (acrónimo de Hypertext Preprocessor) es un lenguaje de programación popular y ampliamente utilizado para el desarrollo de aplicaciones web dinámicas. Es un lenguaje de código abierto que se ejecuta en el servidor y genera contenido HTML para ser visualizado en el navegador web. Con su sintaxis sencilla y su capacidad para interactuar con bases de datos, PHP permite a los desarrolladores crear sitios web interactivos y funcionales. Ofrece una amplia gama de características y bibliotecas que facilitan la manipulación de formularios, la gestión de sesiones, la generación de gráficos y mucho más. PHP es compatible con diferentes sistemas operativos y servidores web, lo que lo convierte en una opción versátil y poderosa para la creación de aplicaciones web.",
informacion,que e mysql,"MySQL es un sistema de gestión de bases de datos relacional (SGBDR) ampliamente utilizado en aplicaciones web y otros entornos. Es un software de código abierto que proporciona una plataforma confiable y escalable para almacenar, organizar y administrar grandes cantidades de datos de manera eficiente.",
informacion,que e sql,"MySQL es un sistema de gestión de bases de datos relacional (SGBDR) ampliamente utilizado en aplicaciones web y otros entornos. Es un software de código abierto que proporciona una plataforma confiable y escalable para almacenar, organizar y administrar grandes cantidades de datos de manera eficiente.",
informacion,que e tv,"""TV"" es una abreviatura comúnmente utilizada para referirse a la televisión, un medio de comunicación y entretenimiento que transmite contenido audiovisual a través de señales electromagnéticas. La televisión permite la transmisión de programas, películas, noticias, deportes y otros contenidos a través de canales o estaciones de televisión.",
informacion,quienes son tus creadores,Mis creadores son un grupo de informaticos de la empresa Adricast System que se han encargado de potenciar mi codigo para ir aprendiendo atravez de retroalimentacion supervisada y autonoma. Gracias a ellos tengo el potencial de poder brindar informacion.,
informacion,en que podrias ayudar,te podria ayudar brindarte informacion que conozco esperando que sea util,
informacion,sabes procesar informacion,"la informacion que da el usuario la analizo y la comparo con la informacion que tengo para poder dar una respuesta correcta, si mi informacion no es correcta, mis entrenadores me la proporcionan.",
informacion,te nutres de informacion,claro tengo la capacidad de actualizar mi informacion,
informacion,tienes la capacidad de actualizarte,"No provengo de algun pais predeterminado, puedo estar en cualquier parte.",
informacion,como e tu nombre,mi nombre es jacybot,
informacion,que e la inteligencia artificial,"La inteligencia artificial (IA) es un campo de estudio y desarrollo que se centra en la creación de sistemas y programas informáticos capaces de realizar tareas que requieren de inteligencia humana, como el razonamiento, el aprendizaje y la toma de decisiones. Mediante el uso de algoritmos y modelos matemáticos, la IA busca simular y automatizar procesos cognitivos, permitiendo a las máquinas realizar actividades complejas, como el reconocimiento de voz, el procesamiento de imágenes y la traducción automática. La IA abarca tanto sistemas especializados, que resuelven tareas específicas, como sistemas más generales que buscan emular la inteligencia humana en múltiples dominios.",
informacion,que e csv,"CSV (Comma-Separated Values) es un formato de archivo ampliamente utilizado para almacenar y organizar datos de manera tabular. Consiste en un archivo de texto plano donde los datos están separados por comas, lo que permite representar una estructura de filas y columnas. Cada fila en el archivo CSV representa un registro o una entrada de datos, y cada columna contiene un campo específico de información. Los archivos CSV son simples de crear y leer, y son compatibles con una amplia variedad de aplicaciones y plataformas. Debido a su formato sencillo y legible, los archivos CSV son utilizados en numerosos contextos, como la gestión de bases de datos, el intercambio de datos entre sistemas y el análisis de datos en programas y hojas de cálculo.",
informacion,que es un docente,"Un docente es una persona que se dedica a la enseñanza y educación de estudiantes. También conocido como profesor, maestro o educador, el docente tiene la responsabilidad de transmitir conocimientos, habilidades y valores a sus alumnos. Su labor implica planificar y desarrollar actividades educativas, impartir clases, evaluar el progreso de los estudiantes, brindar orientación académica y apoyo emocional, y fomentar el aprendizaje y el desarrollo integral de los estudiantes. Los docentes pueden trabajar en diferentes niveles educativos, desde la educación preescolar hasta la educación superior, y en diversas áreas de conocimiento. Su objetivo principal es facilitar el proceso de aprendizaje y contribuir al crecimiento intelectual y personal de sus estudiantes.",
informacion,adrian castro,"ADRIAN CASTRO es un desarrollador de software, emprendedor, fundador de Adricast System",
informacion,sistema operativo,"Un sistema operativo es un software esencial que controla y coordina las actividades de hardware y software de un sistema informático. Actúa como un intermediario entre el usuario y el hardware, permitiendo que los programas se ejecuten de manera eficiente y brindando una interfaz para que los usuarios interactúen con la computadora. El sistema operativo administra recursos como la memoria, el procesador, los dispositivos de entrada y salida, y garantiza que los programas se ejecuten de manera segura y sin conflictos. Proporciona una plataforma estable y coherente para la ejecución de aplicaciones, y ofrece servicios y utilidades que facilitan la gestión del sistema, como el sistema de archivos, la seguridad, la programación de tareas y la conectividad de red. En resumen, un sistema operativo es el núcleo que permite el funcionamiento y la interacción eficiente de todos los componentes de un sistema informático.",
informacion,el aburrimiento,"El aburrimiento es un estado emocional y mental caracterizado por la falta de interés, entusiasmo o satisfacción en las actividades o situaciones presentes. Es la sensación de monotonía, tedio y desgano que puede surgir cuando nos encontramos en una situación repetitiva, poco estimulante o cuando no tenemos ninguna actividad que capte nuestra atención. El aburrimiento puede llevar a una sensación de vacío, desmotivación y deseos de escape. En ocasiones, puede ser un indicio de la necesidad de buscar nuevas experiencias, retos o encontrar un propósito significativo en nuestras actividades diarias.",
informacion,estoy aburrido,"No tienes porque estar aburrido, buscando un oficio donde puedes entretenerte.",
informacion,gracias,"gracias a ti, puedo ayudarte brindandote informacion",
informacion,tu informacion se actualiza,mi informacion se actualiza constantemente puedo mejorar cada dia,
informacion,que e un reloj,un reloj mide el tiempo,
informacion,que e un chatbot,"Un chatbot es un programa de software diseñado para simular una conversación con seres humanos a través de mensajes de texto o voz. También se le conoce como agente de chat, asistente virtual o bot conversacional. Un chatbot puede realizar diversas tareas, como responder preguntas, proporcionar información, realizar reservas, ofrecer recomendaciones, brindar asistencia en línea, entre otras. Utiliza algoritmos de procesamiento del lenguaje natural (NLP) para comprender y generar respuestas coherentes a partir de las interacciones con los usuarios. Los chatbots pueden ser utilizados en aplicaciones de mensajería, sitios web, redes sociales y otros canales de comunicación para mejorar la experiencia del usuario y proporcionar soporte automatizado.",
informacion,quien te entrena,la empresa adricast system es la encargada de entrenarme,
informacion,que son los lenguajes de programacion,"Los lenguajes de programación son sistemas formales de instrucciones utilizados para escribir programas de computadora. Permiten a los programadores comunicarse con las computadoras y darles instrucciones para realizar tareas específicas. Hay diversos lenguajes, como Python, Java, C++, JavaScript, C# y Ruby, cada uno con sus propias características y aplicaciones. La elección del lenguaje depende de los requisitos del proyecto y las habilidades del programador.",
informacion,sabes que e un robot,"Un robot es una máquina programable que puede llevar a cabo tareas de forma automática. Ya sea físico o virtual, un robot está diseñado para realizar funciones específicas sin la necesidad de intervención humana directa. Los robots físicos son máquinas mecánicas con diferentes formas y funcionalidades, mientras que los robots virtuales son programas de software que interactúan con los usuarios a través de interfaces digitales. Los robots se utilizan en una amplia gama de industrias y aplicaciones, desde la fabricación y la medicina hasta la atención al cliente y la exploración espacial, con el objetivo de mejorar la eficiencia, la precisión y la seguridad en diversas tareas.",
informacion,dame la hora,la hora actual es,
informacion,que fecha estamos,la fecha actual es,
informacion,cuantas horas debe dormir una persona,"La cantidad de horas de sueño recomendada varía según la edad y las necesidades individuales. Según la National Sleep Foundation, los recién nacidos necesitan de 14 a 17 horas, los bebés de 4 a 11 meses necesitan de 12 a 15 horas, los niños pequeños de 1 a 2 años necesitan de 11 a 14 horas, los niños en edad preescolar de 3 a 5 años necesitan de 10 a 13 horas, los niños en edad escolar de 6 a 13 años necesitan de 9 a 11 horas, los adolescentes de 14 a 17 años necesitan de 8 a 10 horas, los adultos jóvenes y adultos de 18 a 64 años necesitan de 7 a 9 horas, y los adultos mayores de 65 años en adelante necesitan de 7 a 8 horas de sueño por día. Estas son recomendaciones generales y es importante escuchar las necesidades individuales del cuerpo para asegurar un descanso adecuado y una buena salud en general.",
informacion,que e arduino,"Arduino es una plataforma de hardware y software de código abierto ampliamente utilizada para el desarrollo de proyectos electrónicos y la creación de dispositivos interactivos. Consiste en una placa electrónica con un microcontrolador programable y una serie de pines de entrada/salida que permiten conectar sensores, actuadores y otros componentes electrónicos. Arduino se destaca por su facilidad de uso y su enfoque en la programación y la interacción con el entorno físico. Mediante el lenguaje de programación Arduino, los usuarios pueden escribir y cargar sus propios programas en la placa, controlando así el comportamiento de los dispositivos conectados. Esto ha hecho que Arduino sea popular tanto en el ámbito de la educación, donde se utiliza para enseñar electrónica y programación, como en proyectos de hobby y prototipado rápido, donde se emplea para desarrollar soluciones creativas e innovadoras en campos como la robótica, la domótica, la automatización y más.",
informacion,que e un microcontrolador,"Un microcontrolador es un dispositivo electrónico altamente integrado que combina en un solo chip un procesador de computadora, memoria, periféricos de entrada/salida y otros componentes necesarios para realizar tareas específicas de control y procesamiento de datos. Funciona como el cerebro de muchos sistemas electrónicos, ya que puede ejecutar programas y realizar operaciones lógicas y aritméticas. Los microcontroladores son ampliamente utilizados en una variedad de aplicaciones, desde electrodomésticos y dispositivos electrónicos de consumo hasta sistemas de control industrial y automotriz. Debido a su tamaño compacto, bajo consumo de energía y capacidad de procesamiento, los microcontroladores son ideales para aplicaciones que requieren control en tiempo real, interacción con el entorno y manejo de periféricos. Su versatilidad y facilidad de programación los convierten en una herramienta fundamental para diseñadores y desarrolladores de sistemas embebidos.",
informacion,que e un diodo,"Un diodo es un componente fundamental en la electrónica que permite controlar el flujo de corriente eléctrica en un circuito. Está compuesto por dos capas de materiales semiconductor, una de tipo P y otra de tipo N, que se unen para formar una unión PN. Cuando se aplica una tensión positiva en el ánodo y una tensión negativa en el cátodo, la unión PN se polariza directamente y el diodo se vuelve conductivo, permitiendo que la corriente eléctrica fluya a través de él. Sin embargo, cuando la polaridad se invierte, es decir, se aplica una tensión positiva en el cátodo y una tensión negativa en el ánodo, la unión PN se polariza en inversa y el diodo bloquea el flujo de corriente. Esto es debido a la configuración de los niveles de energía en las capas de semiconductor, que crean una barrera de potencial que impide el paso de electrones en una dirección opuesta. Los diodos se utilizan en una amplia variedad de aplicaciones, como rectificación de corriente, protección contra inversión de polaridad, generación de señales, y muchas más. Su simplicidad, bajo costo y alta eficiencia los convierten en elementos esenciales en el diseño y funcionamiento de circuitos electrónicos.",
informacion,que e tension,la tensión es una medida de la diferencia de potencial eléctrico que impulsa el movimiento de la corriente eléctrica en un circuito. Es un concepto fundamental en la electrónica y desempeña un papel crucial en el diseño y funcionamiento de sistemas eléctricos y electrónicos.,
informacion,que e una entrada logica,"una entrada lógica es una señal o valor que se utiliza como entrada en un sistema o circuito lógico, y puede tener dos posibles estados, como ""verdadero"" o ""falso"".",
informacion,quien e el encargado de entrenarte,un equipo de desarrolladores de la empresa adricast system se encarga de entrenarme y de alimentar mi informacion,
informacion,que e el titanic,"El Titanic fue un famoso transatlántico que se consideraba el barco más grande y lujoso de su época. Fue construido a principios del siglo XX y se lanzó al mar en 1912. Sin embargo, trágicamente, su viaje inaugural se vio empañado por un desafortunado accidente. El 15 de abril de 1912, el Titanic chocó contra un iceberg en el océano Atlántico y se hundió, provocando la pérdida de más de 1500 vidas. Este trágico evento tuvo un impacto significativo en la historia y la conciencia colectiva, y se ha convertido en un símbolo de la fragilidad humana frente a las fuerzas de la naturaleza.",
informacion,que e chat gpt,"El chatbot GPT (Generative Pre-training Transformer) es una tecnología de Inteligencia Artificial (IA) que permite a los desarrolladores crear chatbots inteligentes que pueden entender el lenguaje natural y responder a las preguntas de los usuarios de forma inteligente. Esto significa que los chatbots GPT pueden entender el lenguaje natural y responder a preguntas de una manera mucho más eficiente que los chatbots tradicionales. Estos chatbots pueden recopilar información de un usuario, procesarla y generar una respuesta adecuada y personalizada. Esto significa que los chatbots GPT pueden entender mejor y responder más rápido a preguntas complejas.",
informacion,que e url,"Una URL (Uniform Resource Locator) es una dirección web que se usa para identificar un recurso específico en internet. Esta dirección web incluye información como el protocolo de comunicación, el nombre de dominio, el directorio en el que se encuentra el recurso y el nombre del archivo. El formato de una URL es ""http://www.example.com/directorio/archivo.html"".",
informacion,que e futbol,"El fútbol es un deporte de equipo en el cual dos equipos de once jugadores se enfrentan para intentar anotar más goles que el equipo contrario usando un balón. El objetivo del juego es anotar más goles que el equipo rival, mediante el uso de los pies, las manos (en los arqueros) o la cabeza. El equipo que anote más goles al terminar el tiempo de juego se adjudica la victoria. El juego se juega normalmente en un terreno rectangular con líneas marcadas en el terreno para indicar los límites de la cancha. El juego se juega a lo largo de dos mitades de 45 minutos cada una, aunque en algunos casos puede durar menos. Al final de cada mitad se hace un descanso de 15 minutos.",
informacion,que sabes de la empresa adricast system,"la informacion que tengo de la empresa adricast system, que es una empresa de tecnologia, en el desarrollo de aplicaciones, uso de inteligencia artificial y muchas tecnologias mas, ellos son mis creadores y usan un equipo de desarrolladores para entrenarme.",
informacion,cuantas versiones tienes,"tengo 2 versiones, la primera donde un grupo de desarrolladores me entrenan en un codigo por consola, y la segunda version es la que vez graficamente y es la que va orientado al usuario, se implemente con respuestas con chatgpt cuando no tengo informacion y me encargo de aprender con la interaccion del usuario.",
informacion,que e estados unidos,"Estados Unidos es un país soberano constituido por cincuenta estados y un distrito federal. Está ubicado en América del Norte y es el tercer país más grande del mundo por área total. Estados Unidos es una de las naciones más diversas y multiculturales del mundo y está compuesto por una variedad de etnias, religiones, culturas y tradiciones. La mayoría de los habitantes son descendientes de inmigrantes europeos. El idioma oficial es el inglés, aunque hay otros idiomas hablados por muchas comunidades locales. La capital de Estados Unidos es Washington, D.C., pero el país también cuenta con otros importantes centros urbanos, como Nueva York, Los Ángeles, Chicago y Miami. Estados Unidos es una potencia mundial económica, militar y política, y es uno de los mayores contribuyentes a la economía global. El país es miembro de numerosas organizaciones internacionales, como la ONU, la OTAN, la OMC y el G20. Estados Unidos es una democracia representativa con una forma de gobierno presidencial. La moneda oficial es el dólar estadounidense (USD).",
informacion,que eran la torres gemelas,"Las Torres Gemelas eran un conjunto de dos rascacielos emblemáticos ubicados en la ciudad de Nueva York, conocidos como el World Trade Center. Conocidas como la Torre Norte (WTC 1) y la Torre Sur (WTC 2), fueron construidas en la década de 1970 y se convirtieron en un símbolo icónico del horizonte de la ciudad. Cada torre alcanzaba una altura de 110 pisos y eran reconocidas por su diseño arquitectónico único. Trágicamente, el 11 de septiembre de 2001, las Torres Gemelas fueron objeto de un ataque terrorista coordinado, cuando aviones secuestrados se estrellaron contra ellas, provocando su colapso y causando una gran pérdida de vidas humanas. Este trágico evento marcó un punto de inflexión en la historia, cambiando la forma en que el mundo percibía la seguridad y el terrorismo globalmente.",
informacion,que e mercado de divisas,"El mercado de divisas, también conocido como Forex, es el mercado financiero más grande del mundo. Está abierto las 24 horas del día, cinco días a la semana. Se estima que el volumen diario de operaciones en el mercado de divisas es de alrededor de 5 billones de dólares. El mercado de divisas es el lugar donde los inversores compran y venden divisas. Esto se hace para obtener un beneficio de los movimientos de precios entre las monedas. Los inversores también pueden especular sobre el precio de una divisa en relación con otra. Esto se conoce como el comercio de divisas. Los bancos, las corporaciones multinacionales, los fondos de cobertura y otros grandes inversores operan en el mercado de divisas. Estas instituciones pueden participar en el mercado de divisas para diversificar sus carteras, gestionar el riesgo de divisas o para especular sobre el precio de una divisa. El comercio de divisas también se puede realizar a través de corredores de divisas. Estos corredores permiten que los inversores individuales accedan al mercado de divisas a través de una plataforma de comercio en línea.",
